num,step,total
1,0.9129941463470459,2.1769320964813232
2,0.9058811664581299,1.7811336517333984
3,0.8668463230133057,1.5187561511993408
4,0.8171629905700684,1.3487529754638672
5,0.8842170238494873,1.466162919998169
6,0.7811489105224609,1.3894968032836914
7,0.7988331317901611,1.3584191799163818
8,0.812222957611084,1.3174810409545898
9,0.777029275894165,1.295828104019165
10,0.7876439094543457,1.3017358779907227
11,0.7877297401428223,1.3010671138763428
12,0.7761001586914062,1.3220961093902588
13,0.7846801280975342,1.2981479167938232
14,0.778325080871582,1.29311203956604
15,0.7784996032714844,1.281775951385498
16,0.7729480266571045,1.2913329601287842
17,0.7707631587982178,1.2763118743896484
18,0.7695968151092529,1.2755179405212402
19,0.7587628364562988,1.2888479232788086
20,0.7685370445251465,1.2735321521759033
21,0.7710192203521729,1.2770030498504639
22,0.772305965423584,1.2773499488830566
23,0.7708978652954102,1.570775032043457
24,0.7693648338317871,1.2739999294281006
25,0.7621140480041504,1.2924997806549072
26,0.774583101272583,1.2790958881378174
27,0.7696971893310547,1.2735459804534912
28,0.7603552341461182,1.300356149673462
29,0.7697598934173584,1.2743291854858398
30,0.7728250026702881,1.2781949043273926
31,0.7714941501617432,1.2746789455413818
32,0.7742211818695068,1.2769050598144531
33,0.7755320072174072,1.2778332233428955
34,0.7740890979766846,1.2766389846801758
35,0.767528772354126,1.2728211879730225
36,0.7598598003387451,1.2913620471954346
37,0.7733287811279297,1.2774968147277832
38,0.7727501392364502,1.2757627964019775
39,0.772226095199585,1.2780132293701172
40,0.7694010734558105,1.2728540897369385
41,0.7613692283630371,1.2927088737487793
42,0.772907018661499,1.2770640850067139
43,0.7696619033813477,1.275299072265625
44,0.7706680297851562,1.2779309749603271
45,0.7569079399108887,1.2893381118774414
46,0.7737858295440674,1.2781929969787598
47,0.7623951435089111,1.2951080799102783
48,0.7740929126739502,1.2790088653564453
49,0.7720293998718262,1.2747492790222168
50,0.7680759429931641,1.2717139720916748
51,0.7751560211181641,1.2843739986419678
52,0.7742838859558105,1.2788968086242676
53,0.7704141139984131,1.275855302810669
54,0.7729620933532715,1.2809059619903564
55,0.7733550071716309,1.2781641483306885
56,0.7758729457855225,1.2792589664459229
57,0.7672598361968994,1.27925705909729
58,0.7655909061431885,1.299347162246704
59,0.7701239585876465,1.2746572494506836
60,0.775933027267456,1.2812860012054443
61,0.7748668193817139,1.2819089889526367
62,0.7769770622253418,1.3372528553009033
63,0.7849278450012207,1.299609899520874
64,0.7916531562805176,1.3051261901855469
65,0.788870096206665,1.3001580238342285
66,0.7756931781768799,1.283900260925293
67,0.7743349075317383,1.2771921157836914
68,0.7696847915649414,1.2729191780090332
69,0.7722229957580566,1.306086778640747
70,0.8631820678710938,1.3756659030914307
71,0.8414840698242188,1.487401008605957
72,0.8732290267944336,1.4413161277770996
73,0.8798449039459229,1.4518969058990479
74,0.8560628890991211,1.4209179878234863
75,0.8402860164642334,1.4029080867767334
76,0.7761402130126953,1.2922439575195312
77,0.7726969718933105,1.2848598957061768
78,0.771233081817627,1.2797670364379883
79,0.778266191482544,1.2881290912628174
80,0.778306245803833,1.2872631549835205
81,0.7722609043121338,1.29585599899292
82,0.7630519866943359,1.3013670444488525
83,0.7744572162628174,1.5329148769378662
84,0.765265941619873,1.2988409996032715
85,0.7749900817871094,1.2831299304962158
86,0.7716529369354248,1.279350996017456
87,0.7788259983062744,1.2883710861206055
88,0.775892972946167,1.2866942882537842
89,0.7735941410064697,1.2852962017059326
90,0.7733359336853027,1.283858060836792
91,0.7819530963897705,1.3000879287719727
92,0.7774269580841064,1.3326551914215088
93,0.7990598678588867,1.3200509548187256
94,0.771122932434082,1.333885908126831
95,0.7841389179229736,1.308229923248291
96,0.8074972629547119,1.318725824356079
97,0.7706780433654785,1.3195109367370605
98,0.7732982635498047,1.2838988304138184
99,0.7739238739013672,1.2877259254455566
100,0.7723798751831055,1.2842991352081299
101,0.764498233795166,1.2991840839385986
102,0.7808048725128174,1.2911479473114014
103,0.7729988098144531,1.3040390014648438
104,0.7741060256958008,1.2867441177368164
105,0.7765262126922607,1.2875592708587646
106,0.7723169326782227,1.2841541767120361
107,0.7809247970581055,1.2907521724700928
108,0.778810977935791,1.290295124053955
109,0.76668381690979,1.3020920753479004
110,0.7731282711029053,1.2813031673431396
111,0.7654929161071777,1.300119161605835
112,0.7717711925506592,1.2820241451263428
113,0.7745969295501709,1.2855632305145264
114,0.7649569511413574,1.2986197471618652
115,0.7747550010681152,1.2821881771087646
116,0.7696499824523926,1.277514934539795
117,0.7710959911346436,1.2802670001983643
118,0.769212007522583,1.2810688018798828
119,0.77134108543396,1.2809069156646729
120,0.7699170112609863,1.2790682315826416
121,0.7710459232330322,1.2784581184387207
122,0.7597670555114746,1.2903261184692383
123,0.7714459896087646,1.2788217067718506
124,0.7602601051330566,1.2944340705871582
125,0.7710318565368652,1.274860143661499
126,0.7689170837402344,1.2772471904754639
127,0.7700347900390625,1.280318021774292
128,0.7691349983215332,1.277735710144043
129,0.7703070640563965,1.2786462306976318
130,0.7691318988800049,1.2744638919830322
131,0.7610552310943604,1.2923579216003418
132,0.7693450450897217,1.2750272750854492
133,0.7711210250854492,1.2796480655670166
134,0.7584059238433838,1.2880189418792725
135,0.7716271877288818,1.2776820659637451
136,0.7581729888916016,1.2879869937896729
137,0.7713792324066162,1.279031753540039
138,0.7795119285583496,1.2875428199768066
139,0.7832539081573486,1.2989606857299805
140,0.7837388515472412,1.29976487159729
141,0.7758982181549072,1.3165991306304932
142,0.7835042476654053,1.2985010147094727
143,0.7745199203491211,1.2899169921875
144,0.7685723304748535,1.2745511531829834
145,0.7718141078948975,1.2793550491333008
146,0.7683377265930176,1.2743418216705322
147,0.7707309722900391,1.2783937454223633
148,0.7678108215332031,1.274717092514038
149,0.7710609436035156,1.2815680503845215
150,0.7712740898132324,1.2781322002410889
151,0.765800952911377,1.2995960712432861
152,0.7679502964019775,1.2730083465576172
153,0.7696728706359863,1.2772159576416016
154,0.7681260108947754,1.2746551036834717
155,0.7818026542663574,1.2898249626159668
156,0.7691779136657715,1.2779369354248047
157,0.7885329723358154,1.5577619075775146
158,0.7695748805999756,1.3214619159698486
159,0.7750756740570068,1.289579153060913
160,0.788325309753418,1.3095431327819824
161,0.7984111309051514,1.3209657669067383
162,0.8515157699584961,1.3885438442230225
163,0.9095470905303955,1.4975149631500244
164,0.9029829502105713,1.4646189212799072
165,0.7815439701080322,1.3602561950683594
166,0.8121738433837891,1.377030849456787
167,0.7772839069366455,1.292752742767334
168,0.7693161964416504,1.3083040714263916
169,0.7786471843719482,1.2901060581207275
170,0.7763431072235107,1.2888410091400146
171,0.7815842628479004,1.2945358753204346
172,0.7778270244598389,1.2954838275909424
173,0.7717289924621582,1.2812528610229492
174,0.7727739810943604,1.2839930057525635
175,0.7726562023162842,1.2771661281585693
176,0.7728672027587891,1.304210901260376
177,0.7697100639343262,1.2718920707702637
178,0.7614798545837402,1.2950499057769775
179,0.7712240219116211,1.2763681411743164
180,0.7690219879150391,1.2772259712219238
181,0.7702350616455078,1.277587890625
182,0.7736020088195801,1.2845749855041504
183,0.7769441604614258,1.2864670753479004
184,0.769791841506958,1.3045508861541748
185,0.7695417404174805,1.2804210186004639
186,0.759591817855835,1.2897119522094727
187,0.7716431617736816,1.2758500576019287
188,0.767474889755249,1.2734880447387695
189,0.7683701515197754,1.2758030891418457
190,0.7690410614013672,1.2938282489776611
191,0.7766547203063965,1.284625768661499
192,0.7582399845123291,1.2915420532226562
193,0.7691059112548828,1.273705005645752
194,0.7740671634674072,1.2829680442810059
195,0.8249549865722656,1.346721887588501
196,0.7724659442901611,1.2916619777679443
197,0.7681417465209961,1.2765047550201416
198,0.7691600322723389,1.2766637802124023
199,0.767474889755249,1.275245189666748
200,0.7590880393981934,1.2891647815704346
201,0.7684590816497803,1.2744100093841553
202,0.7690491676330566,1.2799711227416992
203,0.7567338943481445,1.279829978942871
204,0.7686851024627686,1.2738399505615234
205,0.7719180583953857,1.2781131267547607
206,0.758458137512207,1.2881340980529785
207,0.7544171810150146,1.2783899307250977
208,0.7676072120666504,1.272923231124878
209,0.7674617767333984,1.2751548290252686
210,0.769352912902832,1.2762420177459717
211,0.7678399085998535,1.2743208408355713
212,0.7581708431243896,1.2894656658172607
213,0.7661149501800537,1.2702641487121582
214,0.7685329914093018,1.2748751640319824
215,0.7663600444793701,1.2734870910644531
216,0.7575461864471436,1.2885980606079102
217,0.766768217086792,1.271501064300537
218,0.7586770057678223,1.2884652614593506
219,0.7674069404602051,1.2723190784454346
220,0.7721691131591797,1.279102087020874
221,0.7657361030578613,1.2725002765655518
222,0.7688469886779785,1.275352954864502
223,0.7582898139953613,1.279587745666504
224,0.7716898918151855,1.2763619422912598
225,0.7670199871063232,1.271346092224121
226,0.7694711685180664,1.2751100063323975
227,0.7568588256835938,1.288311243057251
228,0.7687838077545166,1.2753558158874512
229,0.7629179954528809,1.2774219512939453
230,0.7692241668701172,1.2723958492279053
231,0.7664556503295898,1.272637128829956
232,0.768822193145752,1.2760329246520996
233,0.7705399990081787,1.2777080535888672
234,0.7604060173034668,1.2915620803833008
235,0.7671611309051514,1.270939826965332
236,0.7684979438781738,1.2758891582489014
237,0.7686610221862793,1.2745788097381592
238,0.7580337524414062,1.289222002029419
239,0.7667489051818848,1.271454095840454
240,0.7676160335540771,1.2765967845916748
241,0.7565500736236572,1.2862112522125244
242,0.7683460712432861,1.2754030227661133
243,0.7683830261230469,1.2746708393096924
244,0.7600688934326172,1.292240858078003
245,0.7657914161682129,1.2723138332366943
246,0.7693240642547607,1.2753162384033203
247,0.7666327953338623,1.2715418338775635
248,0.7582259178161621,1.291477918624878
249,0.767596960067749,1.5227892398834229
250,0.7677357196807861,1.274850606918335
251,0.7670600414276123,1.2735459804534912
252,0.7686789035797119,1.2742578983306885
253,0.7578129768371582,1.2883429527282715
254,0.7682819366455078,1.2709870338439941
255,0.7669267654418945,1.2722208499908447
256,0.7683010101318359,1.275156021118164
257,0.7670042514801025,1.2745299339294434
258,0.7690639495849609,1.2750537395477295
259,0.767690896987915,1.2744581699371338
260,0.7587888240814209,1.2906360626220703
261,0.7659940719604492,1.269589900970459
262,0.7684359550476074,1.2741529941558838
263,0.7565498352050781,1.2874717712402344
264,0.7690091133117676,1.2746429443359375
265,0.7655739784240723,1.2729928493499756
266,0.7673711776733398,1.2743639945983887
267,0.7706949710845947,1.276759147644043
268,0.768718957901001,1.275240182876587
269,0.7568759918212891,1.288193941116333
270,0.768524169921875,1.2732911109924316
271,0.7674119472503662,1.272723913192749
272,0.769536018371582,1.2754790782928467
273,0.7665810585021973,1.2718348503112793
274,0.7585952281951904,1.289851188659668
275,0.766340970993042,1.2732038497924805
276,0.7681679725646973,1.276170015335083
277,0.7671360969543457,1.273799180984497
278,0.771198034286499,1.2768871784210205
279,0.755037784576416,1.2858679294586182
280,0.7683451175689697,1.2740983963012695
281,0.7675571441650391,1.2746458053588867
282,0.7680890560150146,1.2757060527801514
283,0.7664632797241211,1.2728369235992432
284,0.7913401126861572,1.296630859375
285,0.763505220413208,1.285506010055542
286,0.7683169841766357,1.277467966079712
287,0.7552971839904785,1.290045976638794
288,0.7693271636962891,1.2759740352630615
289,0.7682631015777588,1.2755262851715088
290,0.7706358432769775,1.2782220840454102
291,0.7632558345794678,1.2794420719146729
292,0.7695248126983643,1.275982141494751
293,0.7713119983673096,1.2764761447906494
294,0.7591309547424316,1.2915136814117432
295,0.7669370174407959,1.2708501815795898
296,0.7689118385314941,1.279778003692627
297,0.7674820423126221,1.2716970443725586
298,0.7693257331848145,1.2757818698883057
299,0.756633996963501,1.2873547077178955
300,0.7688918113708496,1.2731528282165527
301,0.766726016998291,1.2710180282592773
302,0.767744779586792,1.275122880935669
303,0.7667272090911865,1.27170991897583
304,0.7692182064056396,1.2742393016815186
305,0.7676479816436768,1.2731029987335205
306,0.7674620151519775,1.274777889251709
307,0.7668662071228027,1.2721672058105469
308,0.7689929008483887,1.2750489711761475
309,0.7551031112670898,1.2854158878326416
310,0.7711882591247559,1.2765357494354248
311,0.7667648792266846,1.2712359428405762
312,0.7706630229949951,1.275691032409668
313,0.7559130191802979,1.2866649627685547
314,0.7708048820495605,1.2747809886932373
315,0.7667090892791748,1.272228717803955
316,0.7689077854156494,1.2745678424835205
317,0.7567250728607178,1.2866919040679932
318,0.768916130065918,1.2814891338348389
319,0.7552781105041504,1.2869861125946045
320,0.7686460018157959,1.273285150527954
321,0.7664079666137695,1.2720379829406738
322,0.7689969539642334,1.274303913116455
323,0.7685210704803467,1.2743911743164062
324,0.7660012245178223,1.2720630168914795
325,0.7690818309783936,1.274111032485962
326,0.7672502994537354,1.2720921039581299
327,0.7687640190124512,1.2747340202331543
328,0.7667620182037354,1.2726666927337646
329,0.768834114074707,1.2747130393981934
330,0.7662687301635742,1.2710599899291992
331,0.7686891555786133,1.2735862731933594
332,0.7662079334259033,1.2721278667449951
333,0.7692317962646484,1.274465799331665
334,0.7666449546813965,1.2716329097747803
335,0.7683851718902588,1.2741761207580566
336,0.7663750648498535,1.2734241485595703
337,0.7729170322418213,1.2780888080596924
338,0.7568871974945068,1.2865791320800781
339,0.7681927680969238,1.2723941802978516
340,0.7663757801055908,1.2723121643066406
341,0.76885986328125,1.2744321823120117
342,0.7592999935150146,1.2942070960998535
343,0.7704308032989502,1.2736382484436035
344,0.7666029930114746,1.273007869720459
345,0.7684717178344727,1.2740812301635742
346,0.7679638862609863,1.2747972011566162
347,0.7690119743347168,1.2758948802947998
348,0.7662391662597656,1.2729992866516113
349,0.7589187622070312,1.289201021194458
350,0.7670762538909912,1.2703251838684082
351,0.7680990695953369,1.2736449241638184
352,0.7661120891571045,1.2707459926605225
353,0.7680420875549316,1.2741389274597168
354,0.7659578323364258,1.2707867622375488
355,0.7682380676269531,1.2731821537017822
356,0.766118049621582,1.2707228660583496
357,0.7683801651000977,1.2748680114746094
358,0.7667298316955566,1.271061658859253
359,0.7690060138702393,1.2743339538574219
360,0.7561709880828857,1.2867379188537598
361,0.769338846206665,1.5644898414611816
362,0.7669510841369629,1.279689073562622
363,0.7580537796020508,1.29026198387146
364,0.7666168212890625,1.2712607383728027
365,0.7573509216308594,1.2900729179382324
366,0.7649569511413574,1.2705819606781006
367,0.7679669857025146,1.273158311843872
368,0.7676711082458496,1.272118091583252
369,0.7573368549346924,1.2884149551391602
370,0.7663428783416748,1.2698438167572021
371,0.768096923828125,1.2734508514404297
372,0.7665550708770752,1.2719762325286865
373,0.7684500217437744,1.2737033367156982
374,0.7662253379821777,1.2717370986938477
375,0.759235143661499,1.288970947265625
376,0.7666518688201904,1.2704870700836182
377,0.7678079605102539,1.2731328010559082
378,0.7699418067932129,1.275493860244751
379,0.794029951095581,1.2996931076049805
380,0.7639119625091553,1.2766520977020264
381,0.7692148685455322,1.2755351066589355
382,0.7656960487365723,1.2732198238372803
383,0.7608041763305664,1.2922701835632324
384,0.7682459354400635,1.2740719318389893
385,0.7683010101318359,1.2740881443023682
386,0.7661218643188477,1.2725818157196045
387,0.7561361789703369,1.2845921516418457
388,0.7732179164886475,1.276165246963501
389,0.7680850028991699,1.2739677429199219
390,0.7609469890594482,1.291224718093872
391,0.7682240009307861,1.2721726894378662
392,0.7657380104064941,1.2714762687683105
393,0.7727081775665283,1.2783141136169434
394,0.7716128826141357,1.2797088623046875
395,0.7753150463104248,1.2855911254882812
396,0.7728111743927002,1.2813382148742676
397,0.7689199447631836,1.2798430919647217
398,0.7668440341949463,1.271428108215332
399,0.7685210704803467,1.2749481201171875
400,0.7660021781921387,1.2707140445709229
401,0.7578139305114746,1.2880570888519287
402,0.7661423683166504,1.2679672241210938
403,0.7662229537963867,1.272845983505249
404,0.7662479877471924,1.2706880569458008
405,0.7674679756164551,1.2730381488800049
406,0.7668640613555908,1.2711570262908936
407,0.7758169174194336,1.2851459980010986
408,0.7735228538513184,1.2843809127807617
409,0.7649600505828857,1.2982239723205566
410,0.7731907367706299,1.2812039852142334
411,0.75925612449646,1.294663906097412
412,0.7663421630859375,1.2699861526489258
413,0.7685458660125732,1.2738587856292725
414,0.7664461135864258,1.2708816528320312
415,0.7685589790344238,1.2731220722198486
416,0.7653400897979736,1.2719128131866455
417,0.7687156200408936,1.2732977867126465
418,0.7653110027313232,1.2708659172058105
419,0.7680599689483643,1.2733607292175293
420,0.7578089237213135,1.2874197959899902
421,0.7686920166015625,1.2706658840179443
422,0.7658910751342773,1.2711181640625
423,0.7679500579833984,1.2748980522155762
424,0.7642288208007812,1.2711398601531982
425,0.767751932144165,1.2729368209838867
426,0.7660362720489502,1.269942045211792
427,0.7563130855560303,1.2864320278167725
428,0.7659010887145996,1.268493890762329
429,0.7727911472320557,1.2786319255828857
430,0.7540938854217529,1.2845838069915771
431,0.759462833404541,1.2995719909667969
432,0.7727198600769043,1.2741279602050781
433,0.7663071155548096,1.2762680053710938
434,0.7654340267181396,1.2700920104980469
435,0.7678050994873047,1.272629976272583
436,0.7536361217498779,1.2836971282958984
437,0.7679741382598877,1.2733900547027588
438,0.7671210765838623,1.272507905960083
439,0.7683401107788086,1.2741382122039795
440,0.764801025390625,1.2748279571533203
441,0.7591431140899658,1.2911598682403564
442,0.7656519412994385,1.2687649726867676
443,0.7569708824157715,1.2870428562164307
444,0.7656960487365723,1.2696099281311035
445,0.7793619632720947,1.2859909534454346
446,0.7657730579376221,1.2782039642333984
447,0.7706010341644287,1.2775511741638184
448,0.7658638954162598,1.2700412273406982
449,0.7575538158416748,1.2873780727386475
450,0.765376091003418,1.2694659233093262
451,0.7665741443634033,1.2717180252075195
452,0.7657289505004883,1.2695071697235107
453,0.7559678554534912,1.287062168121338
454,0.7659478187561035,1.270885944366455
455,0.7706801891326904,1.2760262489318848
456,0.7689740657806396,1.2732417583465576
457,0.7570071220397949,1.2887558937072754
458,0.7809851169586182,1.2902379035949707
459,0.7574918270111084,1.287390947341919
460,0.7676563262939453,1.2771053314208984
461,0.7674100399017334,1.2722229957580566
462,0.7653131484985352,1.2712807655334473
463,0.7671139240264893,1.2737839221954346
464,0.7656588554382324,1.2698266506195068
465,0.7676510810852051,1.2724249362945557
466,0.765566349029541,1.2713091373443604
467,0.7675697803497314,1.272691011428833
468,0.7648677825927734,1.2692286968231201
469,0.7674529552459717,1.2736330032348633
470,0.763700008392334,1.269606113433838
471,0.767772912979126,1.274418830871582
472,0.7645392417907715,1.2705190181732178
473,0.7671592235565186,1.27193021774292
474,0.759807825088501,1.3112640380859375
475,0.7679128646850586,1.2744419574737549
476,0.7643022537231445,1.2718563079833984
477,0.7565178871154785,1.2895727157592773
478,0.7666339874267578,1.2741999626159668
479,0.7566421031951904,1.2880349159240723
480,0.7652249336242676,1.2676668167114258
481,0.7674069404602051,1.27451491355896
482,0.7655580043792725,1.2698822021484375
483,0.7566401958465576,1.2866120338439941
484,0.7661597728729248,1.2706890106201172
485,0.761436939239502,1.2932968139648438
486,0.7662010192871094,1.2690269947052002
487,0.7571241855621338,1.2866759300231934
488,0.7655649185180664,1.2692081928253174
489,0.7547872066497803,1.286074161529541
490,0.7657980918884277,1.2697229385375977
491,0.7665519714355469,1.2724790573120117
492,0.7664520740509033,1.270646095275879
493,0.7688131332397461,1.2734110355377197
494,0.7650880813598633,1.2697231769561768
495,0.7552859783172607,1.2859020233154297
496,0.7654027938842773,1.269665002822876
497,0.7676608562469482,1.2720351219177246
498,0.7541909217834473,1.2818779945373535
499,0.7676839828491211,1.271209955215454
500,0.772467851638794,1.6073329448699951
501,0.7558352947235107,1.2919189929962158
502,0.7678217887878418,1.2732720375061035
503,0.7693769931793213,1.2744429111480713
504,0.7661910057067871,1.273148775100708
505,0.7682008743286133,1.2762548923492432
506,0.7559711933135986,1.284736156463623
507,0.767664909362793,1.2703957557678223
508,0.7539389133453369,1.2867798805236816
509,0.7673158645629883,1.2715377807617188
510,0.7703108787536621,1.274655818939209
511,0.7673630714416504,1.2743070125579834
512,0.7542078495025635,1.2851088047027588
513,0.7689180374145508,1.2744660377502441
514,0.7541539669036865,1.2832379341125488
515,0.7681441307067871,1.2713170051574707
516,0.7662081718444824,1.2715818881988525
517,0.7583000659942627,1.2871532440185547
518,0.7655470371246338,1.2680449485778809
519,0.7677791118621826,1.2733638286590576
520,0.75653076171875,1.2865238189697266
521,0.767754077911377,1.2711198329925537
522,0.7666969299316406,1.2714171409606934
523,0.7555601596832275,1.285470962524414
524,0.7677469253540039,1.2724659442901611
525,0.7702462673187256,1.2764430046081543
526,0.7545578479766846,1.2853541374206543
527,0.768186092376709,1.2722811698913574
528,0.7702958583831787,1.306091070175171
529,0.7699878215789795,1.2825241088867188
530,0.7708210945129395,1.2792730331420898
531,0.8190679550170898,1.3508810997009277
532,0.7790191173553467,1.2888860702514648
533,0.7897162437438965,1.3417768478393555
534,0.7726309299468994,1.2863359451293945
535,0.7667586803436279,1.300856113433838
536,0.765876054763794,1.2726788520812988
537,0.7639148235321045,1.2991831302642822
538,0.7650599479675293,1.2695820331573486
539,0.7754039764404297,1.2815709114074707
540,0.7650558948516846,1.2756679058074951
541,0.7661080360412598,1.271986961364746
542,0.7536158561706543,1.2789077758789062
543,0.7682211399078369,1.2723109722137451
544,0.7649178504943848,1.270228385925293
545,0.7573339939117432,1.2874829769134521
546,0.765963077545166,1.2699148654937744
547,0.7563290596008301,1.2848670482635498
548,0.7678928375244141,1.2713282108306885
549,0.7658910751342773,1.2728869915008545
550,0.7541041374206543,1.28360915184021
551,0.7693581581115723,1.2742269039154053
552,0.765887975692749,1.2703900337219238
553,0.7679486274719238,1.2739710807800293
554,0.7662341594696045,1.271366834640503
555,0.7559208869934082,1.284214973449707
556,0.7652089595794678,1.2691559791564941
557,0.7666208744049072,1.2723088264465332
558,0.7656159400939941,1.2715449333190918
559,0.7562167644500732,1.287890911102295
560,0.7672791481018066,1.2711732387542725
561,0.767951250076294,1.2731280326843262
562,0.7659440040588379,1.2718029022216797
563,0.7677211761474609,1.2722280025482178
564,0.7669508457183838,1.27177095413208
565,0.7544279098510742,1.2850477695465088
566,0.7656347751617432,1.2701356410980225
567,0.768657922744751,1.2731881141662598
568,0.780174970626831,1.3086779117584229
569,0.7638120651245117,1.2801401615142822
570,0.7580821514129639,1.2876079082489014
571,0.7702252864837646,1.2766921520233154
572,0.7677578926086426,1.272953987121582
573,0.7681739330291748,1.2729310989379883
574,0.7647800445556641,1.2705440521240234
575,0.773245096206665,1.282594919204712
576,0.7706286907196045,1.2777190208435059
577,0.7620151042938232,1.2973828315734863
578,0.7617759704589844,1.2723848819732666
579,0.7647438049316406,1.2992839813232422
580,0.7739222049713135,1.2937660217285156
581,0.759591817855835,1.293715000152588
582,0.7682039737701416,1.2755639553070068
583,0.7556061744689941,1.284952163696289
584,0.760394811630249,1.2893121242523193
585,0.7680230140686035,1.271373987197876
586,0.7685959339141846,1.27378511428833
587,0.7667458057403564,1.270763874053955
588,0.7677371501922607,1.2740421295166016
589,0.7598159313201904,1.2901239395141602
590,0.7717010974884033,1.2766740322113037
591,0.7577121257781982,1.287654161453247
592,0.7680392265319824,1.2997310161590576
593,0.762336015701294,1.296208143234253
594,0.768153190612793,1.271183967590332
595,0.7682220935821533,1.2720401287078857
596,0.78066086769104,1.2868881225585938
597,0.7533881664276123,1.2836830615997314
598,0.7693319320678711,1.2739088535308838
599,0.7650370597839355,1.2699036598205566
600,0.7581479549407959,1.2884972095489502
601,0.7661950588226318,1.2684519290924072
602,0.7674119472503662,1.2732129096984863
603,0.7651200294494629,1.2703440189361572
604,0.7672839164733887,1.2733750343322754
605,0.7654619216918945,1.2698869705200195
606,0.7679460048675537,1.2724499702453613
607,0.7656092643737793,1.2696921825408936
608,0.7667431831359863,1.272684097290039
609,0.7659268379211426,1.2701342105865479
610,0.7670929431915283,1.2719957828521729
611,0.7661528587341309,1.2700989246368408
612,0.7664840221405029,1.2721500396728516
613,0.7657520771026611,1.2693469524383545
614,0.7580058574676514,1.286484956741333
615,0.7676310539245605,1.2701301574707031
616,0.7679250240325928,1.2726309299468994
617,0.7654600143432617,1.2705001831054688
618,0.7691559791564941,1.2734849452972412
619,0.7666540145874023,1.271522045135498
620,0.7669661045074463,1.2721989154815674
621,0.7641689777374268,1.2698230743408203
622,0.7567539215087891,1.2849071025848389
623,0.7650630474090576,1.2708983421325684
624,0.7677459716796875,1.2726378440856934
625,0.7532989978790283,1.2827436923980713
626,0.7677371501922607,1.272552251815796
627,0.766232967376709,1.2702510356903076
628,0.7734580039978027,1.282822847366333
629,0.7708542346954346,1.2774162292480469
630,0.7747721672058105,1.2851548194885254
631,0.7719438076019287,1.2822918891906738
632,0.7686388492584229,1.2767889499664307
633,0.7659778594970703,1.2713239192962646
634,0.7557368278503418,1.2859101295471191
635,0.764976978302002,1.2698650360107422
636,0.7561471462249756,1.2876620292663574
637,0.7651150226593018,1.2679417133331299
638,0.7548940181732178,1.2830469608306885
639,0.7653181552886963,1.2697300910949707
640,0.767249345779419,1.2719829082489014
641,0.7655858993530273,1.2699179649353027
642,0.7582526206970215,1.286806583404541
643,0.7654500007629395,1.2690691947937012
644,0.7671849727630615,1.2715871334075928
645,0.7688577175140381,1.274111032485962
646,0.7549600601196289,1.2869579792022705
647,0.7656369209289551,1.2697899341583252
648,0.7566709518432617,1.287632942199707
649,0.7655820846557617,1.269007921218872
650,0.7564389705657959,1.284848928451538
651,0.7643451690673828,1.2693381309509277
652,0.7666079998016357,1.272845983505249
653,0.7765660285949707,1.2826707363128662
654,0.7722177505493164,1.286097764968872
655,0.7752511501312256,1.308176040649414
656,0.7685277462005615,1.2766458988189697
657,0.7663471698760986,1.2815780639648438
658,0.7553620338439941,1.2855708599090576
659,0.7650506496429443,1.2694542407989502
660,0.75689697265625,1.2881951332092285
661,0.7656512260437012,1.2692322731018066
662,0.7902431488037109,1.2968361377716064
663,0.764984130859375,1.281095266342163
664,0.7701001167297363,1.2770609855651855
665,0.7767360210418701,1.2837159633636475
666,0.7587809562683105,1.296567678451538
667,0.7666161060333252,1.2715487480163574
668,0.7573971748352051,1.2870540618896484
669,0.7721750736236572,1.280317783355713
670,0.7676677703857422,1.2987430095672607
671,0.7643592357635498,1.2753782272338867
672,0.7677798271179199,1.2724270820617676
673,0.7703330516815186,1.772529125213623
674,0.7716400623321533,1.3018178939819336
675,0.7570822238922119,1.2760391235351562
676,0.7693660259246826,1.275897741317749
677,0.7656471729278564,1.2688438892364502
678,0.767207145690918,1.2734293937683105
679,0.766150951385498,1.2706749439239502
680,0.7554810047149658,1.2873711585998535
681,0.7667090892791748,1.2716631889343262
682,0.7674779891967773,1.2724888324737549
683,0.7646489143371582,1.2699298858642578
684,0.7671489715576172,1.2757179737091064
685,0.7561969757080078,1.2850570678710938
686,0.7681221961975098,1.2717301845550537
687,0.7695119380950928,1.2744927406311035
688,0.7687780857086182,1.2828819751739502
689,0.7556989192962646,1.2894959449768066
690,0.76792311668396,1.2717392444610596
691,0.7659199237823486,1.270352840423584
692,0.7705850601196289,1.275719165802002
693,0.7653219699859619,1.2695527076721191
694,0.7664940357208252,1.2741131782531738
695,0.7656469345092773,1.2700238227844238
696,0.7724082469940186,1.277604103088379
697,0.7659342288970947,1.2920548915863037
698,0.767333984375,1.2745168209075928
699,0.7647888660430908,1.2712359428405762
700,0.7569081783294678,1.2888450622558594
701,0.7678360939025879,1.2723379135131836
702,0.7571768760681152,1.2860302925109863
703,0.7640571594238281,1.2701690196990967
704,0.767348051071167,1.271817922592163
705,0.7657520771026611,1.2715792655944824
706,0.7677202224731445,1.2739520072937012
707,0.7534747123718262,1.286595106124878
708,0.7674360275268555,1.2708148956298828
709,0.7545788288116455,1.283371925354004
710,0.7683010101318359,1.2718849182128906
711,0.764840841293335,1.2707700729370117
712,0.7690837383270264,1.2767271995544434
713,0.7550318241119385,1.284693956375122
714,0.7674407958984375,1.270509958267212
715,0.765622615814209,1.270845890045166
716,0.7554082870483398,1.2868812084197998
717,0.7653319835662842,1.2713422775268555
718,0.756411075592041,1.285250186920166
719,0.7642111778259277,1.2687122821807861
720,0.7676570415496826,1.2721319198608398
721,0.76519775390625,1.2698819637298584
722,0.7672030925750732,1.2723944187164307
723,0.7647831439971924,1.2707629203796387
724,0.7657251358032227,1.2717249393463135
725,0.7531290054321289,1.2825989723205566
726,0.7677512168884277,1.2715117931365967
727,0.7640340328216553,1.2689497470855713
728,0.7679119110107422,1.2724969387054443
729,0.7654759883880615,1.2698769569396973
730,0.7675089836120605,1.2726972103118896
731,0.7652280330657959,1.2703039646148682
732,0.7743837833404541,1.2803618907928467
733,0.754885196685791,1.288933277130127
734,0.7676990032196045,1.2718448638916016
735,0.7542240619659424,1.2837669849395752
736,0.7677419185638428,1.2733490467071533
737,0.7655768394470215,1.2710280418395996
738,0.7672059535980225,1.272197961807251
739,0.754936695098877,1.2824897766113281
740,0.7733240127563477,1.2793810367584229
741,0.767935037612915,1.272765874862671
742,0.7561962604522705,1.2883329391479492
743,0.765430212020874,1.2691771984100342
744,0.7671260833740234,1.2732326984405518
745,0.7529358863830566,1.2822370529174805
746,0.7673149108886719,1.2719240188598633
747,0.7652840614318848,1.2697138786315918
748,0.7682559490203857,1.2745740413665771
749,0.7541720867156982,1.2842059135437012
750,0.7671952247619629,1.2714412212371826
751,0.7545721530914307,1.282311201095581
752,0.7663061618804932,1.2718050479888916
753,0.7661130428314209,1.2702479362487793
754,0.7676317691802979,1.2723188400268555
755,0.7561640739440918,1.2848899364471436
756,0.7672567367553711,1.2695589065551758
757,0.7911198139190674,1.306269884109497
758,0.7655222415924072,1.2779052257537842
759,0.7596228122711182,1.2949278354644775
760,0.7597599029541016,1.2938730716705322
761,0.7686600685119629,1.2753679752349854
762,0.7701930999755859,1.2778329849243164
763,0.7669248580932617,1.274643898010254
764,0.7550048828125,1.284588098526001
765,0.7668747901916504,1.2747039794921875
766,0.7548210620880127,1.2842447757720947
767,0.7683839797973633,1.2725918292999268
768,0.7654457092285156,1.2971699237823486
769,0.7675919532775879,1.2731618881225586
770,0.7653250694274902,1.2707099914550781
771,0.7553517818450928,1.2842800617218018
772,0.7656142711639404,1.2685091495513916
773,0.7578377723693848,1.286186933517456
774,0.7655529975891113,1.2693281173706055
775,0.7560849189758301,1.2844767570495605
776,0.765509843826294,1.2695159912109375
777,0.7672390937805176,1.273254156112671
778,0.7540669441223145,1.2836799621582031
779,0.7680950164794922,1.2702720165252686
780,0.7656219005584717,1.2701008319854736
781,0.7577788829803467,1.2869110107421875
782,0.7657179832458496,1.2688162326812744
783,0.7593441009521484,1.2929680347442627
784,0.7659440040588379,1.2694799900054932
785,0.7673580646514893,1.2721621990203857
786,0.7655620574951172,1.2708780765533447
787,0.7664899826049805,1.277155876159668
788,0.7542951107025146,1.2829029560089111
789,0.7670810222625732,1.270887851715088
790,0.7653293609619141,1.2704083919525146
791,0.7672119140625,1.2723009586334229
792,0.7648389339447021,1.2691121101379395
793,0.7554581165313721,1.284924030303955
794,0.7560989856719971,1.2954001426696777
795,0.7672593593597412,1.2744007110595703
796,0.7573020458221436,1.2929060459136963
797,0.7570340633392334,1.2855958938598633
798,0.7657339572906494,1.2700331211090088
799,0.7581057548522949,1.2871229648590088
800,0.7648828029632568,1.2679531574249268
801,0.7696080207824707,1.2750263214111328
802,0.7542338371276855,1.2836968898773193
803,0.7679610252380371,1.2743990421295166
804,0.765894889831543,1.2709300518035889
805,0.7715859413146973,1.276672124862671
806,0.7690112590789795,1.2751412391662598
807,0.7645659446716309,1.2698001861572266
808,0.771345853805542,1.276273250579834
809,0.782794713973999,1.324544906616211
810,0.7786858081817627,1.3155410289764404
811,0.7692291736602783,1.290215253829956
812,0.7743270397186279,1.3006250858306885
813,0.7738990783691406,1.2952508926391602
814,0.7743899822235107,1.2861769199371338
815,0.7720730304718018,1.2862651348114014
816,0.7650809288024902,1.3007948398590088
817,0.7657909393310547,1.2820911407470703
818,0.7709589004516602,1.281329870223999
819,0.7680771350860596,1.2989258766174316
820,0.7702140808105469,1.285377025604248
821,0.7659409046173096,1.307793140411377
822,0.7702610492706299,1.2775506973266602
823,0.7608227729797363,1.3047358989715576
824,0.7685871124267578,1.279811143875122
825,0.7648971080780029,1.2712721824645996
826,0.7562639713287354,1.2866439819335938
827,0.7652730941772461,1.2695350646972656
828,0.7573602199554443,1.2884740829467773
829,0.7668061256408691,1.2700738906860352
830,0.7560710906982422,1.286247968673706
831,0.7667961120605469,1.2705590724945068
832,0.7677702903747559,1.274031162261963
833,0.7598142623901367,1.2764561176300049
834,0.7687280178070068,1.272303819656372
835,0.7655508518218994,1.2701969146728516
836,0.7591629028320312,1.290233850479126
837,0.7644479274749756,1.2776379585266113
838,0.7675819396972656,1.2731220722198486
839,0.7652759552001953,1.270547866821289
840,0.7673919200897217,1.2730233669281006
841,0.754645824432373,1.283963918685913
842,0.7753598690032959,1.2799642086029053
843,0.756493091583252,1.2888660430908203
844,0.7618989944458008,1.2861528396606445
845,0.7645859718322754,1.2691130638122559
846,0.7554388046264648,1.2863659858703613
847,0.7653408050537109,1.2689502239227295
848,0.7678205966949463,1.2727549076080322
849,0.765887975692749,1.2715859413146973
850,0.7732949256896973,1.2823820114135742
851,0.7711102962493896,1.2773768901824951
852,0.766350269317627,1.3113789558410645
853,0.7654111385345459,1.2781119346618652
854,0.7570958137512207,1.2934269905090332
855,0.7638230323791504,1.269991159439087
856,0.7683379650115967,1.2739310264587402
857,0.7556841373443604,1.2942469120025635
858,0.7701659202575684,1.2747831344604492
859,0.7694091796875,1.2737500667572021
860,0.7675530910491943,1.2723510265350342
861,0.7571001052856445,1.2885890007019043
862,0.7730381488800049,1.2790417671203613
863,0.7714581489562988,1.2786340713500977
864,0.7744619846343994,1.283578872680664
865,0.7724690437316895,1.2814159393310547
866,0.7670390605926514,1.2780678272247314
867,0.7658560276031494,1.2708039283752441
868,0.7563309669494629,1.2862548828125
869,0.7663960456848145,1.2721326351165771
870,0.7674729824066162,1.2740910053253174
871,0.7538139820098877,1.2824528217315674
872,0.7670979499816895,1.2714450359344482
873,0.7657740116119385,1.2697219848632812
874,0.7679319381713867,1.272953748703003
875,0.7651379108428955,1.269153118133545
876,0.7703680992126465,1.2745492458343506
877,0.7549071311950684,1.2846179008483887
878,0.76749587059021,1.2714219093322754
879,0.7556338310241699,1.2856240272521973
880,0.7678489685058594,1.2720439434051514
881,0.7658789157867432,1.2699129581451416
882,0.7673299312591553,1.2741739749908447
883,0.7653260231018066,1.270887851715088
884,0.7562801837921143,1.2860801219940186
885,0.7657699584960938,1.2693750858306885
886,0.7677717208862305,1.2723040580749512
887,0.7555556297302246,1.2846288681030273
888,0.7697820663452148,1.8412790298461914
889,0.7650120258331299,1.280390977859497
890,0.7715499401092529,1.2813332080841064
891,0.7653417587280273,1.269792079925537
892,0.7576730251312256,1.291213035583496
893,0.7663571834564209,1.2699658870697021
894,0.7680189609527588,1.2724320888519287
895,0.765800952911377,1.2695770263671875
896,0.7584497928619385,1.2882411479949951
897,0.7658059597015381,1.2694730758666992
898,0.7558913230895996,1.287196159362793
899,0.7677278518676758,1.2729082107543945
900,0.7676808834075928,1.2745757102966309
901,0.7666947841644287,1.2704110145568848
902,0.7670211791992188,1.2718310356140137
903,0.7653510570526123,1.269531011581421
904,0.770237922668457,1.2754528522491455
905,0.7653000354766846,1.270439863204956
906,0.7669541835784912,1.2747700214385986
907,0.7647101879119873,1.2700672149658203
908,0.7731888294219971,1.2788081169128418
909,0.765671968460083,1.2710139751434326
910,0.7559471130371094,1.2850189208984375
911,0.7654681205749512,1.2692999839782715
912,0.7554411888122559,1.2845110893249512
913,0.7654938697814941,1.2703790664672852
914,0.7558159828186035,1.2855329513549805
915,0.7667272090911865,1.2714002132415771
916,0.7673852443695068,1.2725460529327393
917,0.7654449939727783,1.2704479694366455
918,0.7670731544494629,1.2714378833770752
919,0.7539820671081543,1.2819700241088867
920,0.7676839828491211,1.273210048675537
921,0.7655029296875,1.2711207866668701
922,0.7678399085998535,1.273101806640625
923,0.7696998119354248,1.2732160091400146
924,0.7567570209503174,1.2870969772338867
925,0.7706949710845947,1.275312900543213
926,0.7560598850250244,1.2881629467010498
927,0.7660069465637207,1.270857334136963
928,0.7676980495452881,1.273197889328003
929,0.7556347846984863,1.2875378131866455
930,0.76584792137146,1.271164894104004
931,0.7654438018798828,1.269859790802002
932,0.767564058303833,1.2727530002593994
933,0.7545390129089355,1.2834372520446777
934,0.768733024597168,1.2724957466125488
935,0.7651519775390625,1.2705910205841064
936,0.7686660289764404,1.2740800380706787
937,0.7677068710327148,1.2742438316345215
938,0.7650890350341797,1.2696499824523926
939,0.7678349018096924,1.2717597484588623
940,0.766143798828125,1.2703590393066406
941,0.7663257122039795,1.2751836776733398
942,0.756005048751831,1.2848520278930664
943,0.7668547630310059,1.270738124847412
944,0.7573282718658447,1.287262201309204
945,0.7690286636352539,1.2735979557037354
946,0.784106969833374,1.321789026260376
947,0.767237663269043,1.2800588607788086
948,0.7569279670715332,1.292870044708252
949,0.7710399627685547,1.277735948562622
950,0.7577588558197021,1.3041911125183105
951,0.767733097076416,1.271636962890625
952,0.767219066619873,1.2739031314849854
953,0.7653229236602783,1.2701449394226074
954,0.7583270072937012,1.288835048675537
955,0.7662990093231201,1.2684099674224854
956,0.7558798789978027,1.285749912261963
957,0.7656409740447998,1.2684540748596191
958,0.7669808864593506,1.2715859413146973
959,0.7605929374694824,1.2895588874816895
960,0.7671139240264893,1.2706139087677002
961,0.7649579048156738,1.269209861755371
962,0.7675073146820068,1.2723839282989502
963,0.7641148567199707,1.27000093460083
964,0.7554018497467041,1.2838778495788574
965,0.7657537460327148,1.269407033920288
966,0.7555139064788818,1.285470962524414
967,0.765631914138794,1.2706482410430908
968,0.7583551406860352,1.2878410816192627
969,0.7658302783966064,1.2672901153564453
970,0.7569630146026611,1.2898709774017334
971,0.7657241821289062,1.2709248065948486
972,0.7667655944824219,1.2716419696807861
973,0.7655301094055176,1.271038293838501
974,0.7670128345489502,1.271866798400879
975,0.7653927803039551,1.2702138423919678
976,0.7548370361328125,1.2852320671081543
977,0.7662787437438965,1.2694981098175049
978,0.767780065536499,1.2724039554595947
979,0.7643120288848877,1.2700679302215576
980,0.7563209533691406,1.2842707633972168
981,0.7648539543151855,1.2683250904083252
982,0.7551639080047607,1.2846920490264893
983,0.7660007476806641,1.2688179016113281
984,0.7675061225891113,1.2744438648223877
985,0.7654287815093994,1.269930124282837
986,0.7579479217529297,1.2874476909637451
987,0.7654461860656738,1.2680230140686035
988,0.7674269676208496,1.272500991821289
989,0.7655370235443115,1.2675809860229492
990,0.7679212093353271,1.2727899551391602
991,0.7558600902557373,1.2861981391906738
992,0.7666397094726562,1.272707223892212
993,0.7667381763458252,1.2720301151275635
994,0.7673630714416504,1.2732110023498535
995,0.7540960311889648,1.2822580337524414
996,0.7709841728210449,1.2777519226074219
997,0.7550830841064453,1.2872660160064697
998,0.7686731815338135,1.2721972465515137
999,0.7542459964752197,1.2834630012512207
1000,0.7676057815551758,1.2712976932525635
1001,0.765294075012207,1.2713658809661865
1002,0.7555630207061768,1.2850501537322998
1003,0.7652251720428467,1.2690730094909668
1004,0.7675960063934326,1.2723288536071777
1005,0.7547070980072021,1.2836689949035645
1006,0.7679440975189209,1.272737979888916
1007,0.7540791034698486,1.2824299335479736
1008,0.7667877674102783,1.271049976348877
1009,0.7640578746795654,1.270019769668579
1010,0.7552943229675293,1.2854361534118652
1011,0.7551469802856445,1.2837200164794922
1012,0.7669203281402588,1.2702491283416748
1013,0.7664299011230469,1.2701239585876465
1014,0.7676160335540771,1.2730839252471924
1015,0.7651891708374023,1.268967866897583
1016,0.7550780773162842,1.2858541011810303
1017,0.7666459083557129,1.2708559036254883
1018,0.7678899765014648,1.2743239402770996
1019,0.7564711570739746,1.2752549648284912
1020,0.7677750587463379,1.2710790634155273
1021,0.7654988765716553,1.270169973373413
1022,0.7660501003265381,1.2740468978881836
1023,0.7688980102539062,1.273864984512329
1024,0.7665538787841797,1.2735700607299805
1025,0.7539541721343994,1.2835392951965332
1026,0.7660608291625977,1.2708508968353271
1027,0.75370192527771,1.2810077667236328
1028,0.7678289413452148,1.2712502479553223
1029,0.7643117904663086,1.2707960605621338
1030,0.7656447887420654,1.2715578079223633
1031,0.7688231468200684,1.2742161750793457
1032,0.767125129699707,1.2696318626403809
1033,0.753619909286499,1.2821989059448242
1034,0.7672057151794434,1.2720122337341309
1035,0.76544189453125,1.2700598239898682
1036,0.7670440673828125,1.2713828086853027
1037,0.753753662109375,1.2829420566558838
1038,0.766916036605835,1.271620750427246
1039,0.7659227848052979,1.2706220149993896
1040,0.7700419425964355,1.2756049633026123
1041,0.7917459011077881,1.3237881660461426
1042,0.7706770896911621,1.298173189163208
1043,0.7634937763214111,1.2765629291534424
1044,0.7588379383087158,1.2936677932739258
1045,0.7654531002044678,1.2687768936157227
1046,0.7578749656677246,1.2881181240081787
1047,0.7644050121307373,1.2683687210083008
1048,0.7698488235473633,1.2743258476257324
1049,0.7652380466461182,1.269685983657837
1050,0.756781816482544,1.2884197235107422
1051,0.7640640735626221,1.269869089126587
1052,0.7558081150054932,1.2877960205078125
1053,0.765207052230835,1.2689197063446045
1054,0.7719321250915527,1.2762632369995117
1055,0.7552051544189453,1.286060094833374
1056,0.7669060230255127,1.2714622020721436
1057,0.7652931213378906,1.270024299621582
1058,0.7668290138244629,1.2718350887298584
1059,0.7546648979187012,1.2837870121002197
1060,0.7666301727294922,1.2706139087677002
1061,0.7655398845672607,1.2695329189300537
1062,0.7669808864593506,1.272080898284912
1063,0.7534768581390381,1.2831389904022217
1064,0.768986701965332,1.2743492126464844
1065,0.7653801441192627,1.2698147296905518
1066,0.7674548625946045,1.2727069854736328
1067,0.754737138748169,1.2826590538024902
1068,0.7672581672668457,1.272090196609497
1069,0.7644658088684082,1.269812822341919
1070,0.7669317722320557,1.2727947235107422
1071,0.7528688907623291,1.2814879417419434
1072,0.7667250633239746,1.2717921733856201
1073,0.7645831108093262,1.2716248035430908
1074,0.7568581104278564,1.2871019840240479
1075,0.7651998996734619,1.2670989036560059
1076,0.7573699951171875,1.2872059345245361
1077,0.765294075012207,1.2674760818481445
1078,0.7566020488739014,1.286388874053955
1079,0.7664260864257812,1.2709131240844727
1080,0.764164924621582,1.269153118133545
1081,0.7546639442443848,1.286050796508789
1082,0.7652730941772461,1.269684076309204
1083,0.7554161548614502,1.2861580848693848
1084,0.765704870223999,1.268657922744751
1085,0.7697341442108154,1.275454044342041
1086,0.7536869049072266,1.2826159000396729
1087,0.7686219215393066,1.2749340534210205
1088,0.7640881538391113,1.2729871273040771
1089,0.7587001323699951,1.290334939956665
1090,0.7652008533477783,1.267585039138794
1091,0.7715210914611816,1.2801499366760254
1092,0.7542290687561035,1.2832567691802979
1093,0.7664539813995361,1.2756001949310303
1094,0.7561709880828857,1.2871942520141602
1095,0.7672536373138428,1.2715637683868408
1096,0.7708582878112793,1.2751388549804688
1097,0.7845790386199951,1.294355869293213
1098,0.7705018520355225,1.2820868492126465
1099,0.7731978893280029,1.2842450141906738
1100,0.7663040161132812,1.2758519649505615
1101,0.7680728435516357,1.2752578258514404
1102,0.764462947845459,1.276017189025879
1103,0.7557098865509033,1.2892627716064453
1104,0.7658030986785889,1.2699508666992188
1105,0.7568409442901611,1.2870209217071533
1106,0.7650692462921143,1.2692811489105225
1107,0.7667949199676514,1.2721190452575684
1108,0.7649097442626953,1.268878698348999
1109,0.7561531066894531,1.2876670360565186
1110,0.7639970779418945,1.2686901092529297
1111,0.7689540386199951,1.273972988128662
1112,0.7651920318603516,1.2693710327148438
1113,0.7580318450927734,1.2872810363769531
1114,0.7642550468444824,1.2686710357666016
1115,0.7568709850311279,1.2861840724945068
1116,0.7645890712738037,1.2689111232757568
1117,0.7674357891082764,1.2725467681884766
1118,0.7652220726013184,1.2712628841400146
1119,0.7666740417480469,1.2720448970794678
1120,0.7646021842956543,1.2702069282531738
1121,0.7668757438659668,1.2724800109863281
1122,0.7639648914337158,1.2701098918914795
1123,0.7687101364135742,1.273751974105835
1124,0.7539708614349365,1.284895896911621
1125,0.7671160697937012,1.2714719772338867
1126,0.7552647590637207,1.2871038913726807
1127,0.7673559188842773,1.2726120948791504
1128,0.756195068359375,1.286120891571045
1129,0.7662460803985596,1.2686190605163574
1130,0.7526569366455078,1.2827858924865723
1131,0.7674531936645508,1.2720732688903809
1132,0.7655880451202393,1.2705028057098389
1133,0.7666640281677246,1.2725839614868164
1134,0.9840161800384521,1.562272071838379
1135,0.8752889633178711,1.4951598644256592
1136,0.8330590724945068,1.3911879062652588
1137,0.828434944152832,1.4121668338775635
1138,0.8336000442504883,1.3811028003692627
1139,0.8195068836212158,1.395380973815918
1140,0.8292911052703857,1.3740432262420654
1141,0.8274376392364502,1.3714568614959717
1142,0.8344943523406982,1.3820087909698486
1143,0.8270552158355713,1.37241530418396
1144,0.8204159736633301,1.3920040130615234
1145,0.8270728588104248,1.3699512481689453
1146,0.8222260475158691,1.3941621780395508
1147,0.8322522640228271,1.3760099411010742
1148,0.819310188293457,1.4056422710418701
1149,0.8268029689788818,1.370945930480957
1150,0.8269262313842773,1.374648094177246
1151,0.8301339149475098,1.3767800331115723
1152,0.8235371112823486,2.144850015640259
1153,0.8275136947631836,1.3951928615570068
1154,0.821087121963501,1.3962371349334717
1155,0.8323090076446533,1.3773720264434814
1156,0.829625129699707,1.3784151077270508
1157,0.8317468166351318,1.3754279613494873
1158,0.828118085861206,1.3739309310913086
1159,0.8192591667175293,1.388976812362671
1160,0.8291809558868408,1.3727288246154785
1161,0.8188159465789795,1.3881151676177979
1162,0.8291301727294922,1.3723759651184082
1163,0.8169622421264648,1.385986089706421
1164,0.8258719444274902,1.3691389560699463
1165,0.8202371597290039,1.3871111869812012
1166,0.8181900978088379,1.3855741024017334
1167,0.8291759490966797,1.3732411861419678
1168,0.9244837760925293,1.4696567058563232
1169,0.8194558620452881,1.3559048175811768
1170,0.81911301612854,1.4116840362548828
1171,0.9019210338592529,1.5004827976226807
1172,0.7993929386138916,1.3905029296875
1173,0.7676651477813721,1.2725987434387207
1174,0.7664890289306641,1.273533821105957
1175,0.7931478023529053,1.2984199523925781
1176,0.7704470157623291,1.276576042175293
1177,0.7687709331512451,1.2746970653533936
1178,0.7540297508239746,1.2844030857086182
1179,0.7673420906066895,1.2707571983337402
1180,0.7648599147796631,1.2691707611083984
1181,0.7673349380493164,1.2727479934692383
1182,0.7675051689147949,1.2624611854553223
1183,0.7673420906066895,1.2738361358642578
1184,0.765150785446167,1.2699298858642578
1185,0.7696237564086914,1.27510404586792
1186,0.7649259567260742,1.2680609226226807
1187,0.7671318054199219,1.2712619304656982
1188,0.7653920650482178,1.2690238952636719
1189,0.7669677734375,1.2728259563446045
1190,0.21479201316833496,0.573530912399292
